<?xml version="1.0" encoding="UTF-8"?>
<stimuliset>
    <namedstimuli>
        <stimuliname>vdc1</stimuliname>
        <timeStamp>04/11/2024;2:6:4:AM</timeStamp>
        <libname>analogLib</libname>
        <srctype>dc</srctype>
        <sourcetype>V</sourcetype>
        <cdfinstname>vdc</cdfinstname>
        <parameterset>
            <parameter>
                <cdfname>FNpairs</cdfname>
                <prompt>Number of noise/freq pairs</prompt>
                <datatype>int</datatype>
                <value>0</value>
                <defvalue>0</defvalue>
            </parameter>
            <parameter>
                <cdfname>vdc</cdfname>
                <prompt>DC voltage</prompt>
                <datatype>string</datatype>
                <value>0</value>
                <defvalue></defvalue>
            </parameter>
        </parameterset>
    </namedstimuli>
    <namedstimuli>
        <stimuliname>vdc2</stimuliname>
        <timeStamp>04/11/2024;2:6:4:AM</timeStamp>
        <libname>analogLib</libname>
        <srctype>dc</srctype>
        <sourcetype>V</sourcetype>
        <cdfinstname>vdc</cdfinstname>
        <parameterset>
            <parameter>
                <cdfname>FNpairs</cdfname>
                <prompt>Number of noise/freq pairs</prompt>
                <datatype>int</datatype>
                <value>0</value>
                <defvalue>0</defvalue>
            </parameter>
            <parameter>
                <cdfname>vdc</cdfname>
                <prompt>DC voltage</prompt>
                <datatype>string</datatype>
                <value>1</value>
                <defvalue></defvalue>
            </parameter>
        </parameterset>
    </namedstimuli>
    <namedstimuli>
        <stimuliname>vbit1</stimuliname>
        <timeStamp>04/11/2024;2:6:4:AM</timeStamp>
        <libname>analogLib</libname>
        <srctype>bit</srctype>
        <sourcetype>V</sourcetype>
        <cdfinstname>vbit</cdfinstname>
        <parameterset>
            <parameter>
                <cdfname>rptstart</cdfname>
                <prompt>Pattern Parameter rptstart</prompt>
                <datatype>string</datatype>
                <value>1</value>
                <defvalue>1</defvalue>
            </parameter>
            <parameter>
                <cdfname>rpttimes</cdfname>
                <prompt>Pattern Parameter rpttimes</prompt>
                <datatype>string</datatype>
                <value>0</value>
                <defvalue>0</defvalue>
            </parameter>
            <parameter>
                <cdfname>trigger</cdfname>
                <prompt>Trigger</prompt>
                <datatype>cyclic</datatype>
                <value>Internal</value>
                <defvalue>Internal</defvalue>
            </parameter>
            <parameter>
                <cdfname>nPeriodicJitter</cdfname>
                <prompt>Number of periodic jitters</prompt>
                <datatype>string</datatype>
                <value>0</value>
                <defvalue>0</defvalue>
            </parameter>
        </parameterset>
    </namedstimuli>
</stimuliset>